{
  "accuracy": 0.15,
  "predictions": [
    10.0,
    18.0,
    13.0,
    30.0,
    25.0,
    24.0,
    16.3,
    45.7,
    68.0,
    13.0,
    30.0,
    14.0,
    60.0,
    61.0,
    29.0,
    15.0,
    30.0,
    71.2,
    23.0,
    15.0,
    9.6,
    11.0,
    11.3,
    34.7,
    44.0,
    51.0,
    41.0,
    41.2,
    29.0,
    45.5,
    31.0,
    15.0,
    22.0,
    16.0,
    20.0,
    61.0,
    51.0,
    26.0,
    51.0,
    30.0,
    60.0,
    31.0,
    41.0,
    11.9,
    42.0,
    18.0,
    45.0,
    28.6,
    51.4,
    40.0,
    27.0,
    8.0,
    25.0,
    15.0,
    18.0,
    13.9,
    13.0,
    27.5,
    28.0,
    26.0,
    22.0,
    14.2,
    28.0,
    10.6,
    11.7,
    13.7,
    68.0,
    12.0,
    21.0,
    25.0,
    16.0,
    29.0,
    44.0,
    20.9,
    22.9,
    11.0,
    29.0,
    28.0,
    44.1,
    71.2,
    52.0,
    22.0,
    29.0,
    18.0,
    26.8,
    60.0,
    14.0,
    15.0,
    31.7,
    10.0,
    21.9,
    40.0,
    32.9,
    21.0,
    13.3,
    18.0,
    14.0,
    43.0,
    21.0,
    12.0
  ],
  "true_labels": [
    72.0,
    69.14,
    52.3,
    8.0,
    17.79,
    99.2,
    40.6,
    59.53,
    13.34,
    18.9,
    74.0,
    51.4,
    126.07,
    86.15,
    91.0,
    47.39,
    3.8,
    71.2,
    37.0,
    76.86,
    65.6,
    42.0,
    9.28,
    84.72,
    78.0,
    27.0,
    26.08,
    37.6,
    17.0,
    64.98,
    19.8,
    71.6,
    71.0,
    99.3,
    77.8,
    126.4,
    21.8,
    64.0,
    35.0,
    28.0,
    56.0,
    7.1,
    32.41,
    87.3,
    68.81,
    50.9,
    18.7,
    142.5,
    111.58,
    84.0,
    91.4,
    43.9,
    53.0,
    86.0,
    11.0,
    46.27,
    43.2,
    94.0,
    38.5,
    119.68,
    65.64,
    61.7,
    47.0,
    96.0,
    94.6,
    60.0,
    15.0,
    33.2,
    102.0,
    58.04,
    69.0,
    32.0,
    16.0,
    64.2,
    53.87,
    2.8,
    48.0,
    24.66,
    85.39,
    12.47,
    45.68,
    106.34,
    40.5,
    48.78,
    1.73,
    83.8,
    48.5,
    84.31,
    104.8,
    34.36,
    76.5,
    16.0,
    11.0,
    52.0,
    8.0,
    13.8,
    73.7,
    89.82,
    41.71,
    63.42
  ],
  "differences": [
    62.0,
    51.14,
    39.3,
    22.0,
    7.210000000000001,
    75.2,
    24.3,
    13.829999999999998,
    54.66,
    5.899999999999999,
    44.0,
    37.4,
    66.07,
    25.150000000000006,
    62.0,
    32.39,
    26.2,
    0.0,
    14.0,
    61.86,
    55.99999999999999,
    31.0,
    2.0200000000000014,
    50.019999999999996,
    34.0,
    24.0,
    14.920000000000002,
    3.6000000000000014,
    12.0,
    19.480000000000004,
    11.2,
    56.599999999999994,
    49.0,
    83.3,
    57.8,
    65.4,
    29.2,
    38.0,
    16.0,
    2.0,
    4.0,
    23.9,
    8.590000000000003,
    75.39999999999999,
    26.810000000000002,
    32.9,
    26.3,
    113.9,
    60.18,
    44.0,
    64.4,
    35.9,
    28.0,
    71.0,
    7.0,
    32.370000000000005,
    30.200000000000003,
    66.5,
    10.5,
    93.68,
    43.64,
    47.5,
    19.0,
    85.4,
    82.89999999999999,
    46.3,
    53.0,
    21.200000000000003,
    81.0,
    33.04,
    53.0,
    3.0,
    28.0,
    43.300000000000004,
    30.97,
    8.2,
    19.0,
    3.34,
    41.29,
    58.730000000000004,
    6.32,
    84.34,
    11.5,
    30.78,
    25.07,
    23.799999999999997,
    34.5,
    69.31,
    73.1,
    24.36,
    54.6,
    24.0,
    21.9,
    31.0,
    5.300000000000001,
    4.199999999999999,
    59.7,
    46.81999999999999,
    20.71,
    51.42
  ],
  "correct_predictions": [
    false,
    false,
    false,
    false,
    true,
    false,
    false,
    false,
    false,
    true,
    false,
    false,
    false,
    false,
    false,
    false,
    false,
    true,
    false,
    false,
    false,
    false,
    true,
    false,
    false,
    false,
    false,
    true,
    false,
    false,
    false,
    false,
    false,
    false,
    false,
    false,
    false,
    false,
    false,
    true,
    true,
    false,
    true,
    false,
    false,
    false,
    false,
    false,
    false,
    false,
    false,
    false,
    false,
    false,
    true,
    false,
    false,
    false,
    false,
    false,
    false,
    false,
    false,
    false,
    false,
    false,
    false,
    false,
    false,
    false,
    false,
    true,
    false,
    false,
    false,
    true,
    false,
    true,
    false,
    false,
    true,
    false,
    false,
    false,
    false,
    false,
    false,
    false,
    false,
    false,
    false,
    false,
    false,
    false,
    true,
    true,
    false,
    false,
    false,
    false
  ]
}