{
  "accuracy": 0.14,
  "predictions": [
    18.0,
    17.0,
    14.0,
    53.0,
    20.0,
    10.0,
    21.0,
    42.0,
    16.0,
    61.4,
    17.4,
    26.0,
    28.0,
    14.0,
    44.3,
    21.0,
    29.0,
    1.0,
    22.0,
    36.0,
    7.0,
    53.5,
    34.5,
    28.5,
    53.0,
    17.9,
    22.0,
    9.8,
    27.0,
    9.0,
    39.0,
    20.0,
    14.4,
    29.0,
    21.0,
    34.3,
    42.0,
    64.1,
    28.5,
    13.0,
    16.4,
    13.4,
    17.5,
    25.0,
    31.5,
    19.1,
    23.0,
    8.1,
    33.0,
    26.0,
    11.0,
    14.0,
    17.1,
    13.0,
    17.0,
    25.0,
    33.0,
    6.0,
    33.0,
    20.1,
    43.0,
    24.0,
    4.3,
    7.4,
    23.0,
    61.0,
    41.0,
    83.3,
    7.0,
    17.0,
    40.2,
    8.0,
    32.0,
    24.1,
    4.0,
    9.0,
    11.0,
    7.0,
    25.0,
    41.3,
    45.0,
    25.7,
    4.0,
    18.0,
    18.0,
    37.0,
    29.0,
    14.0,
    19.0,
    2.0,
    8.0,
    29.7,
    24.0,
    51.0,
    44.7,
    38.0,
    29.4,
    36.3,
    29.0,
    20.0
  ],
  "true_labels": [
    72.0,
    69.14,
    52.3,
    8.0,
    17.79,
    99.2,
    40.6,
    59.53,
    13.34,
    18.9,
    74.0,
    51.4,
    126.07,
    86.15,
    91.0,
    47.39,
    3.8,
    71.2,
    37.0,
    76.86,
    65.6,
    42.0,
    9.28,
    84.72,
    78.0,
    27.0,
    26.08,
    37.6,
    17.0,
    64.98,
    19.8,
    71.6,
    71.0,
    99.3,
    77.8,
    126.4,
    21.8,
    64.0,
    35.0,
    28.0,
    56.0,
    7.1,
    32.41,
    87.3,
    68.81,
    50.9,
    18.7,
    142.5,
    111.58,
    84.0,
    91.4,
    43.9,
    53.0,
    86.0,
    11.0,
    46.27,
    43.2,
    94.0,
    38.5,
    119.68,
    65.64,
    61.7,
    47.0,
    96.0,
    94.6,
    60.0,
    15.0,
    33.2,
    102.0,
    58.04,
    69.0,
    32.0,
    16.0,
    64.2,
    53.87,
    2.8,
    48.0,
    24.66,
    85.39,
    12.47,
    45.68,
    106.34,
    40.5,
    48.78,
    1.73,
    83.8,
    48.5,
    84.31,
    104.8,
    34.36,
    76.5,
    16.0,
    11.0,
    52.0,
    8.0,
    13.8,
    73.7,
    89.82,
    41.71,
    63.42
  ],
  "differences": [
    54.0,
    52.14,
    38.3,
    45.0,
    2.210000000000001,
    89.2,
    19.6,
    17.53,
    2.66,
    42.5,
    56.6,
    25.4,
    98.07,
    72.15,
    46.7,
    26.39,
    25.2,
    70.2,
    15.0,
    40.86,
    58.599999999999994,
    11.5,
    25.22,
    56.22,
    25.0,
    9.100000000000001,
    4.079999999999998,
    27.8,
    10.0,
    55.980000000000004,
    19.2,
    51.599999999999994,
    56.6,
    70.3,
    56.8,
    92.10000000000001,
    20.2,
    0.09999999999999432,
    6.5,
    15.0,
    39.6,
    6.300000000000001,
    14.909999999999997,
    62.3,
    37.31,
    31.799999999999997,
    4.300000000000001,
    134.4,
    78.58,
    58.0,
    80.4,
    29.9,
    35.9,
    73.0,
    6.0,
    21.270000000000003,
    10.200000000000003,
    88.0,
    5.5,
    99.58000000000001,
    22.64,
    37.7,
    42.7,
    88.6,
    71.6,
    1.0,
    26.0,
    50.099999999999994,
    95.0,
    41.04,
    28.799999999999997,
    24.0,
    16.0,
    40.1,
    49.87,
    6.2,
    37.0,
    17.66,
    60.39,
    28.83,
    0.6799999999999997,
    80.64,
    36.5,
    30.78,
    16.27,
    46.8,
    19.5,
    70.31,
    85.8,
    32.36,
    68.5,
    13.7,
    13.0,
    1.0,
    36.7,
    24.2,
    44.300000000000004,
    53.519999999999996,
    12.71,
    43.42
  ],
  "correct_predictions": [
    false,
    false,
    false,
    false,
    true,
    false,
    false,
    false,
    true,
    false,
    false,
    false,
    false,
    false,
    false,
    false,
    false,
    false,
    false,
    false,
    false,
    false,
    false,
    false,
    false,
    true,
    true,
    false,
    false,
    false,
    false,
    false,
    false,
    false,
    false,
    false,
    false,
    true,
    true,
    false,
    false,
    true,
    false,
    false,
    false,
    false,
    true,
    false,
    false,
    false,
    false,
    false,
    false,
    false,
    true,
    false,
    false,
    false,
    true,
    false,
    false,
    false,
    false,
    false,
    false,
    true,
    false,
    false,
    false,
    false,
    false,
    false,
    false,
    false,
    false,
    true,
    false,
    false,
    false,
    false,
    true,
    false,
    false,
    false,
    false,
    false,
    false,
    false,
    false,
    false,
    false,
    false,
    false,
    true,
    false,
    false,
    false,
    false,
    false,
    false
  ]
}